gallery-col src,gallery-col src (2),gallery-col src (3),gallery-col src (4),gallery-col src (5),navigation-pagination-container__item__button (3),navigation-pagination-container__item__button (4),navigation-pagination-container__item__button (5),community-card__sticker src,community-card__sticker (2),community-card__content__header__price,community-card__content__header__beds,community-card__content__property,community-card__content__location,button-primary href,gallery-col src (6),gallery-col src (7)
https://m.psecn.photoshelter.com/img-get2/I0000cgptor_1g_0/sec=wdfsdfoeflwefms1440ed20250212JuTd5YmWD468kTd/fill=1680x945/03-Crow-Canyon-Apartments-Swimming-Pool-San-Ramon.jpg/fill=378x187,https://m.psecn.photoshelter.com/img-get2/I0000cgptor_1g_0/sec=wdfsdfoeflwefms1440ed20250212JuTd5YmWD468kTd/fill=1680x945/03-Crow-Canyon-Apartments-Swimming-Pool-San-Ramon.jpg/fill=378x187,https://m.psecn.photoshelter.com/img-get2/I0000OISHNhxhK0k/sec=wdfsdfoeflwefms1440ed20250212Jpzo3ENEGqK40IQ/fill=1680x945/01-Crow-Canyon-Apartments-For-Rent-San-Ramon.jpg/fill=378x187,https://m.psecn.photoshelter.com/img-get2/I0000p19ePHC9LHc/sec=wdfsdfoeflwefms1440ed20250212FRiP9L5LhB7ZsmD/fill=1680x945/22-Crow-Canyon-Apartments-Outdoor-Fireplace-San-Ramon.jpg/fill=378x187,https://m.psecn.photoshelter.com/img-get2/I0000rKXfvc.R.bw/sec=wdfsdfoeflwefms1440ed20250212.wKNz2Asi7brSfa/fill=1680x945/07-Crow-Canyon-Apartments-For-Rent-San-Ramon.jpg/fill=378x187,·,·,·,https://www.essexapartmenthomes.com/-/media/Project/EssexPropertyTrust/Sites/EssexApartmentHomes/icons/ui/icon-special-offer-tag-teal.png,Special offer,"$2,205 - $3,805",| 1 - 3 BEDS,Crow Canyon,"San Ramon, CA",https://www.essexapartmenthomes.com/apartments/san-ramon/crow-canyon,,
https://m.psecn.photoshelter.com/img-get2/I0000bZDtapUQL9Q/sec=wdfsdfoeflwefms1440ed20250212y6F2N8zrvnd8kmm/fill=1680x945/01-The-Galloway-Apartments-Swimming-Pool-Pleasanton.jpg/fill=378x187,https://m.psecn.photoshelter.com/img-get2/I0000bZDtapUQL9Q/sec=wdfsdfoeflwefms1440ed20250212y6F2N8zrvnd8kmm/fill=1680x945/01-The-Galloway-Apartments-Swimming-Pool-Pleasanton.jpg/fill=378x187,https://m.psecn.photoshelter.com/img-get2/I0000KRA3fz6x3DM/sec=wdfsdfoeflwefms1440ed20250212hi.IMpCfDxRCO38/fill=1680x945/05-The-Galloway-For-Rent-Pleasanton.jpg/fill=378x187,https://m.psecn.photoshelter.com/img-get2/I0000ugqP4_afowY/sec=wdfsdfoeflwefms1440ed20250212t0_ZQ90QgewNlUH/fill=1680x945/02-The-Galloway-Hacienda-Outdoor-Firepit-Pleasanton.jpg/fill=378x187,,·,·,,https://www.essexapartmenthomes.com/-/media/Project/EssexPropertyTrust/Sites/EssexApartmentHomes/icons/ui/icon-special-offer-tag-teal.png,Special offer,"$2,121 - $4,263",| STUDIO - 3 BEDS,The Galloway,"Pleasanton, CA",https://www.essexapartmenthomes.com/apartments/pleasanton/the-galloway,,
https://m.psecn.photoshelter.com/img-get2/I0000t5COK5fpes0/sec=wdfsdfoeflwefms1440ed20250212KpUB3xkjl4G2d2u/fill=1680x945/01-City-Centre-Apartments-Swimming-Pool-Hayward.jpg/fill=378x187,https://m.psecn.photoshelter.com/img-get2/I0000BX95se5llCY/sec=wdfsdfoeflwefms1440ed20250212wU8SP2PVr0S1sA0/fill=1680x945/09-City-Centre-Apartments-For-Rent-Hayward.jpg/fill=378x187,https://m.psecn.photoshelter.com/img-get2/I0000t1NpPEN5wM4/sec=wdfsdfoeflwefms1440ed20250212xQFriEwyh9DPiwm/fill=1680x945/06-City-Centre-Apartments-For-Rent-Hayward.jpg/fill=378x187,https://m.psecn.photoshelter.com/img-get2/I0000t5COK5fpes0/sec=wdfsdfoeflwefms1440ed20250212KpUB3xkjl4G2d2u/fill=1680x945/01-City-Centre-Apartments-Swimming-Pool-Hayward.jpg/fill=378x187,https://m.psecn.photoshelter.com/img-get2/I0000UdaUgNKg5wY/sec=wdfsdfoeflwefms1440ed20250212oJXr0kONwDnk1MD/fill=1680x945/24-City-Centre-Apartments-Pet-Friendly-Hayward.jpg/fill=378x187,·,·,·,https://www.essexapartmenthomes.com/-/media/Project/EssexPropertyTrust/Sites/EssexApartmentHomes/icons/ui/icon-special-offer-tag-teal.png,Special offer,"$2,121 - $2,896",| STUDIO - 3 BEDS,City Centre,"Hayward, CA",https://www.essexapartmenthomes.com/apartments/hayward/city-centre,,
https://m.psecn.photoshelter.com/img-get2/I00007AHeGQwQcfk/sec=wdfsdfoeflwefms1440ed20250212OCbYCgr_1LmQNhA/fill=1680x945/01-Connolly-Station-Apartments-Swimming-Pool-Dublin.jpg/fill=378x187,https://m.psecn.photoshelter.com/img-get2/I0000PhZcWMiq.Ng/sec=wdfsdfoeflwefms1440ed20250212CKOEor05X_2owaQ/fill=1680x945/06-Connolly-Station-Apartments-For-Rent-Dublin.jpg/fill=378x187,,,,,,,https://www.essexapartmenthomes.com/-/media/Project/EssexPropertyTrust/Sites/EssexApartmentHomes/icons/ui/icon-special-offer-tag-teal.png,Special offer,"$2,513 - $3,960",| 1 - 3 BEDS,Connolly Station,"Dublin, CA",https://www.essexapartmenthomes.com/apartments/dublin/connolly-station,,
https://m.psecn.photoshelter.com/img-get2/I0000X3OIQNrfPRQ/sec=wdfsdfoeflwefms1440ed20250212mdHq0M73bpOnfYr/fill=1680x945/29-Emme-Apartments-Pet-Friendly-Emeryville.jpg/fill=378x187,https://m.psecn.photoshelter.com/img-get2/I00009E19tX011sc/sec=wdfsdfoeflwefms1440ed20250212F94pk1YxcQF_bwi/fill=1680x945/07-Emme-Apartments-For-Rent-Emeryville.jpg/fill=378x187,https://m.psecn.photoshelter.com/img-get2/I0000fp4X4ALF0oQ/sec=wdfsdfoeflwefms1440ed20250212uHDXo.CiTPbDY8./fill=1680x945/11-Emme-Apartments-For-Rent-Emeryville.jpg/fill=378x187,https://m.psecn.photoshelter.com/img-get2/I0000lP22NYy2aHY/sec=wdfsdfoeflwefms1440ed202502122snLXBpuewmVOfN/fill=1680x945/04-Emme-Apartments-BBQ-Area-Emeryville.jpg/fill=378x187,,·,·,,https://www.essexapartmenthomes.com/-/media/Project/EssexPropertyTrust/Sites/EssexApartmentHomes/icons/ui/icon-special-offer-tag-teal.png,Special offer,"$2,033 - $4,094",| STUDIO - 3 BEDS,Emme,"Emeryville, CA",https://www.essexapartmenthomes.com/apartments/emeryville/emme,,
https://m.psecn.photoshelter.com/img-get2/I0000MdXksQSuXLs/sec=wdfsdfoeflwefms1440ed20250212NKM730cz1E8vwGS/fill=1680x945/22-Fourth-U-Apartments-Pet-Friendly-Berkeley.jpg/fill=378x187,https://m.psecn.photoshelter.com/img-get2/I0000_PwP1SsWYs0/sec=wdfsdfoeflwefms1440ed20250212.dbwKVIFayeoI1j/fill=1680x945/02-Fourth-U-Apartments-Fitness-Center-Berkeley.jpg/fill=378x187,https://m.psecn.photoshelter.com/img-get2/I0000QMgz6bR_U9A/sec=wdfsdfoeflwefms1440ed20250212jOQMwZffC3i1_hJ/fill=1680x945/01-Fourth-U-Apartments-For-Rent-Berkeley.jpg/fill=378x187,https://m.psecn.photoshelter.com/img-get2/I0000rOhzhSxIDU4/sec=wdfsdfoeflwefms1440ed20250212exDrJpGmgBf6TUM/fill=1680x945/06-Fourth-U-Apartments-For-Rent-Berkeley.jpg/fill=378x187,https://m.psecn.photoshelter.com/img-get2/I0000SfCqtYSahuo/sec=wdfsdfoeflwefms1440ed20250212SbWwbsgvzufFCmj/fill=1680x945/04-Fourth-U-Apartments-Courtyard-Berkeley.jpg/fill=378x187,·,·,·,https://www.essexapartmenthomes.com/-/media/Project/EssexPropertyTrust/Sites/EssexApartmentHomes/icons/ui/icon-special-offer-tag-teal.png,Special offer,"$2,312 - $3,204",| 1 - 2 BEDS,Fourth & U,"Berkeley, CA",https://www.essexapartmenthomes.com/apartments/berkeley/fourth-and-u,https://m.psecn.photoshelter.com/img-get2/I0000X49PPaH93hQ/sec=wdfsdfoeflwefms1440ed20250212J20fTTKwevnJMv4/fill=1680x945/03-Fourth-U-Apartments-Clubhouse-Berkeley.jpg/fill=378x187,
https://m.psecn.photoshelter.com/img-get2/I0000vI1Rgahp4P8/sec=wdfsdfoeflwefms1440ed202502125pSRwnZisl82xj1/fill=1680x945/The-Landing-at-Jack-London-Square-Amenities-241105-37.jpg/fill=378x187,https://m.psecn.photoshelter.com/img-get2/I0000bAtaeaof1J0/sec=wdfsdfoeflwefms1440ed2025021231HBLZjRZxtjmRJ/fill=1680x945/20-The-Landing-at-Jack-London-Square-Apartments-Pet-Friendly-Oakland.jpg/fill=378x187,https://m.psecn.photoshelter.com/img-get2/I0000GkY1uJoZ6h4/sec=wdfsdfoeflwefms1440ed20250212t5Y9mUdlYsgAx0i/fill=1680x945/08-The-Landing-at-Jack-London-Square-Apartments-For-Rent-Oakland.jpg/fill=378x187,https://m.psecn.photoshelter.com/img-get2/I0000uraEaebsteE/sec=wdfsdfoeflwefms1440ed20250212QHAqxvW9Z8RApUU/fill=1680x945/01-The-Landing-at-Jack-London-Square-Apartments-For-Rent-Oakland.jpg/fill=378x187,https://m.psecn.photoshelter.com/img-get2/I0000vI1Rgahp4P8/sec=wdfsdfoeflwefms1440ed202502125pSRwnZisl82xj1/fill=1680x945/The-Landing-at-Jack-London-Square-Amenities-241105-37.jpg/fill=378x187,·,·,·,https://www.essexapartmenthomes.com/-/media/Project/EssexPropertyTrust/Sites/EssexApartmentHomes/icons/ui/icon-special-offer-tag-teal.png,Special offer,"$2,064 - $3,013",| STUDIO - 2 BEDS,The Landing at Jack London Square,"Oakland, CA",https://www.essexapartmenthomes.com/apartments/oakland/the-landing-at-jack-london-square,,
https://m.psecn.photoshelter.com/img-get2/I00008NK2cU1EhsY/sec=wdfsdfoeflwefms1440ed202502124QiwaZ2ptidG8Lj/fill=1680x945/01-Bel-Air-Apartments-Pet-Friendly-San-Ramon.jpg/fill=378x187,https://m.psecn.photoshelter.com/img-get2/I00000Xe3B6eu0wI/sec=wdfsdfoeflwefms1440ed20250212DYZcP9t4w81fumI/fill=1680x945/16-Bel-Air-Apartments-Fitness-Center-San-Ramon.jpg/fill=378x187,https://m.psecn.photoshelter.com/img-get2/I0000AkTRLu2WG5I/sec=wdfsdfoeflwefms1440ed20250212GUGoNf6lEhVaY9D/fill=1680x945/22-Bel-Air-Apartments-BBQ-Area-San-Ramon.jpg/fill=378x187,https://m.psecn.photoshelter.com/img-get2/I0000fx22T3.ndOc/sec=wdfsdfoeflwefms1440ed20250212hjXK995xrywtNwR/fill=1680x945/07-Bel-Air-Apartments-For-Rent-San-Ramon.jpg/fill=378x187,https://m.psecn.photoshelter.com/img-get2/I0000Hl8yxeuKigk/sec=wdfsdfoeflwefms1440ed20250212FZqV3acMvj.OejH/fill=1680x945/05-Bel-Air-Apartments-For-Rent-San-Ramon.jpg/fill=378x187,·,·,·,,,"$2,099 - $3,644",| STUDIO - 2 BEDS,Bel Air,"San Ramon, CA",https://www.essexapartmenthomes.com/apartments/san-ramon/bel-air,https://m.psecn.photoshelter.com/img-get2/I0000rpl_G26z0eM/sec=wdfsdfoeflwefms1440ed202502122KfT_ts0W8FBlDB/fill=1680x945/03-Bel-Air-Apartments-Swimming-Pool-San-Ramon.jpg/fill=378x187,
https://m.psecn.photoshelter.com/img-get2/I00005eiFqPbuWlQ/sec=wdfsdfoeflwefms1440ed202502128A76VQx1.cc4x4s/fill=1680x945/03-Canyon-Oaks-at-Windemere-Apartments-Swimming-Pool-San-Ramon.jpg/fill=378x187,https://m.psecn.photoshelter.com/img-get2/I00005eiFqPbuWlQ/sec=wdfsdfoeflwefms1440ed202502128A76VQx1.cc4x4s/fill=1680x945/03-Canyon-Oaks-at-Windemere-Apartments-Swimming-Pool-San-Ramon.jpg/fill=378x187,https://m.psecn.photoshelter.com/img-get2/I00009CKXsWxg7pU/sec=wdfsdfoeflwefms1440ed2025021276mAeYBvzU32R9A/fill=1680x945/06-Canyon-Oaks-at-Windemere-Apartments-Fitness-Center-San-Ramon.jpg/fill=378x187,https://m.psecn.photoshelter.com/img-get2/I0000iwmOZxJftl4/sec=wdfsdfoeflwefms1440ed202502129CQuT4eISqQPlVf/fill=1680x945/01-Canyon-Oaks-at-Windemere-Apartments-For-Rent-San-Ramon.jpg/fill=378x187,https://m.psecn.photoshelter.com/img-get2/I0000ZywqynaIAa0/sec=wdfsdfoeflwefms1440ed20250212ztKmJumEPntgxbk/fill=1680x945/04-Canyon-Oaks-at-Windemere-Apartments-Playground-San-Ramon.jpg/fill=378x187,·,·,·,,,"$2,379 - $3,251",| 1 - 3 BEDS,Canyon Oaks at Windemere,"San Ramon, CA",https://www.essexapartmenthomes.com/apartments/san-ramon/canyon-oaks-at-windemere,,
https://m.psecn.photoshelter.com/img-get2/I00006xANUTD0ats/sec=wdfsdfoeflwefms1440ed20250212BhTvBlSsofiYnpP/fill=1680x945/01-Foothill-Twin-Creeks-Condos-Swimming-Pool-San-Ramon.jpg/fill=378x187,https://m.psecn.photoshelter.com/img-get2/I00004QCVI4RB73o/sec=wdfsdfoeflwefms1440ed20250212xdJD0vc40iJfmKc/fill=1680x945/14-Foothill-Twin-Creeks-Condos-Swimming-Pool-San-Ramon.jpg/fill=378x187,https://m.psecn.photoshelter.com/img-get2/I00006xANUTD0ats/sec=wdfsdfoeflwefms1440ed20250212BhTvBlSsofiYnpP/fill=1680x945/01-Foothill-Twin-Creeks-Condos-Swimming-Pool-San-Ramon.jpg/fill=378x187,https://m.psecn.photoshelter.com/img-get2/I0000C2b6_4wO3jA/sec=wdfsdfoeflwefms1440ed20250212SpXJnhbdLdV8LPj/fill=1680x945/05-Foothill-Twin-Creeks-Condos-For-Rent-San-Ramon.jpg/fill=378x187,https://m.psecn.photoshelter.com/img-get2/I0000yyv_ns9eyOw/sec=wdfsdfoeflwefms1440ed202502126zZZ733WLKh_SjV/fill=1680x945/10-Foothill-Twin-Creeks-Condos-For-Rent-San-Ramon.jpg/fill=378x187,·,·,·,,,"$2,875 - $3,215",| 2 BEDS,Foothill - Twin Creeks Condos,"San Ramon, CA",https://www.essexapartmenthomes.com/apartments/san-ramon/foothill-twin-creeks-condos,,
https://m.psecn.photoshelter.com/img-get2/I0000iCYrkG_FLa0/sec=wdfsdfoeflwefms1440ed202502128f5L7Tth9lBIe3D/fill=1680x945/01-Mill-Creek-at-Windemere-Apartments-Swimming-Pool-San-Ramon.jpg/fill=378x187,https://m.psecn.photoshelter.com/img-get2/I0000C3gXcnjBo.Q/sec=wdfsdfoeflwefms1440ed20250212iflYmKxvCTUcLA2/fill=1680x945/17-Mill-Creek-at-Windemere-Apartments-Swimming-Pool-San-Ramon.jpg/fill=378x187,https://m.psecn.photoshelter.com/img-get2/I0000kIJbWf0ZV44/sec=wdfsdfoeflwefms1440ed20250212r.KPHGz.6MDTkTc/fill=1680x945/18-Mill-Creek-at-Windemere-Apartments-Pet-Friendly-San-Ramon.jpg/fill=378x187,https://m.psecn.photoshelter.com/img-get2/I0000wwmx_9zSgs8/sec=wdfsdfoeflwefms1440ed20250212bd1uL7yY2zbV_aL/fill=1680x945/09-Mill-Creek-at-Windemere-Apartments-For-Rent-San-Ramon.jpg/fill=378x187,,·,·,,,,"$2,267 - $3,694",| 1 - 3 BEDS,Mill Creek at Windemere,"San Ramon, CA",https://www.essexapartmenthomes.com/apartments/san-ramon/mill-creek-at-windemere,,
https://m.psecn.photoshelter.com/img-get2/I0000SDp8twz.4Uc/sec=wdfsdfoeflwefms1440ed20250212XwZulFMHqYvVKoo/fill=1680x945/21-Verandas-Apartment-Homes-Swimming-Pool-Union-City.jpg/fill=378x187,https://m.psecn.photoshelter.com/img-get2/I0000ccYDNLnMGG0/sec=wdfsdfoeflwefms1440ed20250212CJWxc0QUN7USMVt/fill=1680x945/19-Verandas-Apartment-Homes-Clubhouse-Union-City.jpg/fill=378x187,https://m.psecn.photoshelter.com/img-get2/I0000DwSCV7W4Dgg/sec=wdfsdfoeflwefms1440ed20250212uxBdKJRl.N0H8KQ/fill=1680x945/01-Verandas-Apartment-Homes-For-Rent-Union-City.jpg/fill=378x187,https://m.psecn.photoshelter.com/img-get2/I0000hBE3UYcJNVE/sec=wdfsdfoeflwefms1440ed20250212cLPdUyZCCRE7Mjv/fill=1680x945/05-Verandas-Apartment-Homes-Swimming-Pool-Union-City.jpg/fill=378x187,https://m.psecn.photoshelter.com/img-get2/I0000xYTZWIpz3Yo/sec=wdfsdfoeflwefms1440ed202502127YR4jDMZollkoGw/fill=1680x945/22-Verandas-Apartment-Homes-Swimming-Pool-Union-City.jpg/fill=378x187,·,·,·,,,"$2,035 - $2,936",| STUDIO - 2 BEDS,Verandas,"Union City, CA",https://www.essexapartmenthomes.com/apartments/union-city/verandas,,
https://m.psecn.photoshelter.com/img-get2/I0000gNaPM4PlL7I/sec=wdfsdfoeflwefms1440ed20250212TSbqTC9jak.dEIE/fill=1680x945/01-San-Marcos-Apartments-Swimming-Pool-Richmond.jpg/fill=378x187,https://m.psecn.photoshelter.com/img-get2/I00006DiQEj_HPuc/sec=wdfsdfoeflwefms1440ed202502125BpCNj1DizJ1T_G/fill=1680x945/05-San-Marcos-Apartments-For-Rent-Richmond.jpg/fill=378x187,https://m.psecn.photoshelter.com/img-get2/I0000LIdNc4vdgi4/sec=wdfsdfoeflwefms1440ed20250212EWNkMdavtQiWLpC/fill=1680x945/15-San-Marcos-Apartments-Clubhouse-Richmond.jpg/fill=378x187,https://m.psecn.photoshelter.com/img-get2/I0000n_0LugU.Cuc/sec=wdfsdfoeflwefms1440ed20250212Fg1sqSmFxWPLeHc/fill=1680x945/14-San-Marcos-Apartments-Clubhouse-Richmond.jpg/fill=378x187,https://m.psecn.photoshelter.com/img-get2/I0000SulNK_txyH4/sec=wdfsdfoeflwefms1440ed20250212wPUnTt2hhbn7tZs/fill=1680x945/22-San-Marcos-Apartments-Swimming-Pool-Richmond.jpg/fill=378x187,·,·,·,,,"$2,218 - $2,998",| 1 - 2 BEDS,San Marcos,"Richmond, CA",https://www.essexapartmenthomes.com/apartments/richmond/san-marcos,,
https://m.psecn.photoshelter.com/img-get2/I0000YFHpuBytReY/sec=wdfsdfoeflwefms1440ed20250212UMeFhP8hO2IJ1k0/fill=1680x945/21-City-View-Apartments-Pet-Friendly-Hayward.jpg/fill=378x187,https://m.psecn.photoshelter.com/img-get2/I0000bt.kIE_qNfQ/sec=wdfsdfoeflwefms1440ed20250212haf4n0o49zrRuI3/fill=1680x945/04-City-View-Apartments-Swimming-Pool-Hayward.jpg/fill=378x187,https://m.psecn.photoshelter.com/img-get2/I0000jQ.AmrmH0QI/sec=wdfsdfoeflwefms1440ed20250212DHL86VEQgDhM5G2/fill=1680x945/01-City-View-Apartments-For-Rent-Hayward.jpg/fill=378x187,https://m.psecn.photoshelter.com/img-get2/I0000wuzKFcUO808/sec=wdfsdfoeflwefms1440ed20250212erWILH0UZgG3LBb/fill=1680x945/03-City-View-Apartments-Fitness-Center-Hayward.jpg/fill=378x187,https://m.psecn.photoshelter.com/img-get2/I0000wyBUdBCiqxM/sec=wdfsdfoeflwefms1440ed20250212jg_FGoBAO3_L3Lb/fill=1680x945/05-City-View-Apartments-Recreation-Room-Hayward.jpg/fill=378x187,·,·,·,,,"$1,992 - $2,757",| STUDIO - 2 BEDS,City View,"Hayward, CA",https://www.essexapartmenthomes.com/apartments/hayward/city-view,,
https://m.psecn.photoshelter.com/img-get2/I0000h_l1.WCyikM/sec=wdfsdfoeflwefms1440ed20250212hQSYV8Z4R3whcVj/fill=1680x945/01-Brio-Apartments-Swimming-Pool-Walnut-Creek.jpg/fill=378x187,https://m.psecn.photoshelter.com/img-get2/I0000bBFGXULM0xY/sec=wdfsdfoeflwefms1440ed20250212hKwt0CZBxoAnRHp/fill=1680x945/24-Brio-Apartments-Swimming-Pool-Walnut-Creek.jpg/fill=378x187,https://m.psecn.photoshelter.com/img-get2/I0000h_l1.WCyikM/sec=wdfsdfoeflwefms1440ed20250212hQSYV8Z4R3whcVj/fill=1680x945/01-Brio-Apartments-Swimming-Pool-Walnut-Creek.jpg/fill=378x187,https://m.psecn.photoshelter.com/img-get2/I0000mwqReMR6Q1A/sec=wdfsdfoeflwefms1440ed20250212Kzr1L4bdqsNf9ck/fill=1680x945/07-Brio-Apartments-For-Rent-Walnut-Creek.jpg/fill=378x187,https://m.psecn.photoshelter.com/img-get2/I0000n5mumF8QFhA/sec=wdfsdfoeflwefms1440ed2025021218gYfaK337tYMaG/fill=1680x945/06-Brio-Apartments-BBQ-Area-Walnut-Creek.jpg/fill=378x187,·,·,·,,,"$2,651 - $3,322",| 1 - 2 BEDS,Brio,"Walnut Creek, CA",https://www.essexapartmenthomes.com/apartments/walnut-creek/brio,https://m.psecn.photoshelter.com/img-get2/I0000tWWfNiehC9k/sec=wdfsdfoeflwefms1440ed20250212805Nixdzq_GFVn6/fill=1680x945/04-Brio-Apartments-Recreation-Room-Walnut-Creek.jpg/fill=378x187,https://m.psecn.photoshelter.com/img-get2/I0000wdwYWMBz9qc/sec=wdfsdfoeflwefms1440ed20250212AJLDOJJNL_x43qC/fill=1680x945/05-Brio-Apartments-Wine-Lounge-Walnut-Creek.jpg/fill=378x187
https://m.psecn.photoshelter.com/img-get2/I0000JkZnzGi1Epw/sec=wdfsdfoeflwefms1440ed20250212a_j0E.omhadNdb0/fill=1680x945/29-Agora-at-South-Main-Apartments-Pet-Friendly-Walnut-Creek.jpg/fill=378x187,https://m.psecn.photoshelter.com/img-get2/I00007Fsss.SZhIE/sec=wdfsdfoeflwefms1440ed20250212pH6sEQ9zUEGUBDM/fill=1680x945/04-Agora-at-South-Main-Apartments-For-Rent-Walnut-Creek.jpg/fill=378x187,https://m.psecn.photoshelter.com/img-get2/I0000A5pDuxE32JI/sec=wdfsdfoeflwefms1440ed20250212SUXtFZ_IX9NQA2_/fill=1680x945/03-Agora-at-South-Main-Apartments-Fitness-Center-Walnut-Creek.jpg/fill=378x187,https://m.psecn.photoshelter.com/img-get2/I0000e0p_bLHQOok/sec=wdfsdfoeflwefms1440ed20250212urDpvPMExuyOXKQ/fill=1680x945/05-Agora-at-South-Main-Apartments-For-Rent-Walnut-Creek.jpg/fill=378x187,https://m.psecn.photoshelter.com/img-get2/I0000G8a9YAm7aEw/sec=wdfsdfoeflwefms1440ed20250212adD__OnF7jhMMhm/fill=1680x945/01-Agora-at-South-Main-Apartments-Swimming-Pool-Walnut-Creek.jpg/fill=378x187,·,·,·,,,"$4,267 - $4,874",| 2 BEDS,Agora at South Main,"Walnut Creek, CA",https://www.essexapartmenthomes.com/apartments/walnut-creek/agora-at-south-main,https://m.psecn.photoshelter.com/img-get2/I0000.zteJSiMZUo/sec=wdfsdfoeflwefms1440ed20250212D9ES9CZEyEkkoab/fill=1680x945/02-Agora-at-South-Main-Apartments-Pet-Friendly-Walnut-Creek.jpg/fill=378x187,
https://m.psecn.photoshelter.com/img-get2/I00000j.A2ng5jPg/sec=wdfsdfoeflwefms1440ed202502120.hnZt7CNVD3rNs/fill=1680x945/01-Bridgeport-Apartment-Homes-Swimming-Pool-Newark.jpg/fill=378x187,https://m.psecn.photoshelter.com/img-get2/I0000_F5dnSCv91Y/sec=wdfsdfoeflwefms1440ed20250212oKKiFpwmvIWWyvb/fill=1680x945/05-Bridgeport-Apartment-Homes-Fitness-Center-Newark.jpg/fill=378x187,https://m.psecn.photoshelter.com/img-get2/I000068fwKM6EZ7U/sec=wdfsdfoeflwefms1440ed20250212R9YvVuNbk._7suP/fill=1680x945/08-Bridgeport-Apartment-Homes-For-Rent-Newark.jpg/fill=378x187,https://m.psecn.photoshelter.com/img-get2/I0000a7AdqTF8bN8/sec=wdfsdfoeflwefms1440ed20250212JD1jmdXy5g8kSj1/fill=1680x945/07-Bridgeport-Apartment-Homes-For-Rent-Newark.jpg/fill=378x187,https://m.psecn.photoshelter.com/img-get2/I0000U.yxQUvFNKA/sec=wdfsdfoeflwefms1440ed20250212msaN5vRB4v1ZGxi/fill=1680x945/06-Bridgeport-Apartment-Homes-For-Rent-Newark.jpg/fill=378x187,·,·,·,,,"$2,317 - $2,914",| 1 - 2 BEDS,Bridgeport,"Newark, CA",https://www.essexapartmenthomes.com/apartments/newark/bridgeport,,
https://m.psecn.photoshelter.com/img-get2/I0000zXc9kHiB5Bo/sec=wdfsdfoeflwefms1440ed202502126Ayj4XjU3vOkceE/fill=1680x945/21-The-Courtyards-at-65th-Street-Apartments-Pet-Friendly-Emeryville.jpg/fill=378x187,https://m.psecn.photoshelter.com/img-get2/I00000wGl5mB5plM/sec=wdfsdfoeflwefms1440ed20250212aEcBrC0rl7bl0Gt/fill=1680x945/15-The-Courtyards-at-65th-Street-Apartments-Swimming-Pool-Emeryville.jpg/fill=378x187,https://m.psecn.photoshelter.com/img-get2/I000078rxYC.RUVk/sec=wdfsdfoeflwefms1440ed20250212yb4Ps8lvqfSfS5p/fill=1680x945/07-The-Courtyards-at-65th-Street-Apartments-For-Rent-Emeryville.jpg/fill=378x187,https://m.psecn.photoshelter.com/img-get2/I0000H1lm70Ahz2c/sec=wdfsdfoeflwefms1440ed20250212qb1rwtzjD60uYUn/fill=1680x945/05-The-Courtyards-at-65th-Street-Apartments-BBQ-Area-Emeryville.jpg/fill=378x187,https://m.psecn.photoshelter.com/img-get2/I0000osUHc6pLrFI/sec=wdfsdfoeflwefms1440ed20250212xHz7WdfGKM1xYzr/fill=1680x945/11-The-Courtyards-at-65th-Street-Apartments-Fitness-Center-Emeryville.jpg/fill=378x187,·,·,·,,,"$2,069 - $3,209",| 1 - 2 BEDS,The Courtyards at 65th Street,"Emeryville, CA",https://www.essexapartmenthomes.com/apartments/emeryville/the-courtyards-at-65th-street,https://m.psecn.photoshelter.com/img-get2/I0000PXrrOXi_QAU/sec=wdfsdfoeflwefms1440ed20250212p5CETru7o6Nnzoj/fill=1680x945/01-The-Courtyards-at-65th-Street-Apartments-For-Rent-Emeryville.jpg/fill=378x187,https://m.psecn.photoshelter.com/img-get2/I0000.VjpnbMi.9s/sec=wdfsdfoeflwefms1440ed202502121bTYNhdUaYmZEJ2/fill=1680x945/09-The-Courtyards-at-65th-Street-Apartments-For-Rent-Emeryville.jpg/fill=378x187
https://m.psecn.photoshelter.com/img-get2/I00009ivHj0mnQ2w/sec=wdfsdfoeflwefms1440ed20250212STcp95BCgwuJGnl/fill=1680x945/01-Boulevard-Apartments-Swimming-Pool-Fremont.jpg/fill=378x187,https://m.psecn.photoshelter.com/img-get2/I0000LNBHuwkQtP4/sec=wdfsdfoeflwefms1440ed20250212uTvh3DH2Xr2JLLe/fill=1680x945/07-Boulevard-Apartments-For-Rent-Fremont.jpg/fill=378x187,https://m.psecn.photoshelter.com/img-get2/I0000QHm6wSM2Fuw/sec=wdfsdfoeflwefms1440ed20250212Rg5upyU_7V0Y5Wt/fill=1680x945/06-Boulevard-Apartments-For-Rent-Fremont.jpg/fill=378x187,https://m.psecn.photoshelter.com/img-get2/I0000RTR5nA.B.i0/sec=wdfsdfoeflwefms1440ed20250212PWcCM5c8JbeEmD8/fill=1680x945/05-Boulevard-Apartments-For-Rent-Fremont.jpg/fill=378x187,https://m.psecn.photoshelter.com/img-get2/I0000TozUcB7L2d4/sec=wdfsdfoeflwefms1440ed20250212VHr2u1MNbeyOPwf/fill=1680x945/04-Boulevard-Apartments-Fitness-Center-Fremont.jpg/fill=378x187,·,·,·,,,"$2,334 - $2,877",| 1 - 2 BEDS,Boulevard,"Fremont, CA",https://www.essexapartmenthomes.com/apartments/fremont/boulevard,,
https://m.psecn.photoshelter.com/img-get2/I0000PtEWs.TE6oM/sec=wdfsdfoeflwefms1440ed20250212Dg4zoMgFb.F3xoh/fill=1680x945/03-Briarwood-at-Central-Park-Apartments-Swimming-Pool-Fremont.jpg/fill=378x187,https://m.psecn.photoshelter.com/img-get2/I0000AP.7X8MsmGw/sec=wdfsdfoeflwefms1440ed20250212BrgRwWeY_ydkzFB/fill=1680x945/09-Briarwood-at-Central-Park-Apartments-For-Rent-Fremont.jpg/fill=378x187,https://m.psecn.photoshelter.com/img-get2/I0000aXVQhy96xwo/sec=wdfsdfoeflwefms1440ed20250212PSo7hm03CbO2gdK/fill=1680x945/08-Briarwood-at-Central-Park-Apartments-For-Rent-Fremont.jpg/fill=378x187,https://m.psecn.photoshelter.com/img-get2/I0000IVfIA8DvgqM/sec=wdfsdfoeflwefms1440ed20250212flTgYdNk7k.G.Sv/fill=1680x945/17-Briarwood-at-Central-Park-Apartments-Pet-Friendly-Fremont.jpg/fill=378x187,,·,·,,,,"$1,973 - $2,895",| STUDIO - 2 BEDS,Briarwood at Central Park,"Fremont, CA",https://www.essexapartmenthomes.com/apartments/fremont/briarwood-at-central-park,,
https://m.psecn.photoshelter.com/img-get2/I0000gj5EweCDIhw/sec=wdfsdfoeflwefms1440ed20250212J2_Rwy1_1KfAVfY/fill=1680x945/03-The-Woods-Apartments-Swimming-Pool-Fremont.jpg/fill=378x187,https://m.psecn.photoshelter.com/img-get2/I0000gcQe0L8I8KU/sec=wdfsdfoeflwefms1440ed202502122ROTTNDSAWL.OYi/fill=1680x945/04-The-Woods-Apartments-Playground-Fremont.jpg/fill=378x187,https://m.psecn.photoshelter.com/img-get2/I0000gj5EweCDIhw/sec=wdfsdfoeflwefms1440ed20250212J2_Rwy1_1KfAVfY/fill=1680x945/03-The-Woods-Apartments-Swimming-Pool-Fremont.jpg/fill=378x187,https://m.psecn.photoshelter.com/img-get2/I0000w4feVaG0kOU/sec=wdfsdfoeflwefms1440ed20250212u6ygDcwR.fO1RJr/fill=1680x945/01-The-Woods-Apartments-For-Rent-Fremont.jpg/fill=378x187,,·,·,,,,"$2,557 - $2,810",| STUDIO - 2 BEDS,The Woods,"Fremont, CA",https://www.essexapartmenthomes.com/apartments/fremont/the-woods,,
https://m.psecn.photoshelter.com/img-get2/I0000ozNsUGpiBYQ/sec=wdfsdfoeflwefms1440ed20250212OHWbmJ8iwufPMN6/fill=1680x945/04-The-Rexford-Apartments-Swimming-Pool-Fremont.jpg/fill=378x187,https://m.psecn.photoshelter.com/img-get2/I0000gqew_Pdiw30/sec=wdfsdfoeflwefms1440ed20250212AoH8eZlMlk_Y99J/fill=1680x945/01-The-Rexford-Apartments-For-Rent-Fremont.jpg/fill=378x187,https://m.psecn.photoshelter.com/img-get2/I0000ozNsUGpiBYQ/sec=wdfsdfoeflwefms1440ed20250212OHWbmJ8iwufPMN6/fill=1680x945/04-The-Rexford-Apartments-Swimming-Pool-Fremont.jpg/fill=378x187,https://m.psecn.photoshelter.com/img-get2/I0000P.akO4Gb0N0/sec=wdfsdfoeflwefms1440ed20250212BvCqNGGN2b0RXst/fill=1680x945/05-The-Rexford-Apartments-For-Rent-Fremont.jpg/fill=378x187,https://m.psecn.photoshelter.com/img-get2/I0000wiOxRz188FY/sec=wdfsdfoeflwefms1440ed20250212i9PsP1l1amEKCoe/fill=1680x945/03-The-Rexford-Apartments-Fitness-Center-Fremont.jpg/fill=378x187,·,·,·,,,"$2,869 - $3,753",| 1 - 3 BEDS,The Rexford,"Fremont, CA",https://www.essexapartmenthomes.com/apartments/fremont/the-rexford,,
https://m.psecn.photoshelter.com/img-get2/I0000Pc4Fns8EdB4/sec=wdfsdfoeflwefms1440ed20250212onvv9qlBYXDM6KZ/fill=1680x945/Mission-Peaks-Amenities-241108-88.jpg/fill=378x187,https://m.psecn.photoshelter.com/img-get2/I0000BGqLo2oV.Nk/sec=wdfsdfoeflwefms1440ed20250212UwxGUpazl0zSC44/fill=1680x945/11-Mission-Peaks-Apartments-For-Rent-Fremont.jpg/fill=378x187,https://m.psecn.photoshelter.com/img-get2/I0000iuXO8gNPgpA/sec=wdfsdfoeflwefms1440ed20250212FXjoULO.d6SXY8W/fill=1680x945/06-Mission-Peaks-Apartments-For-Rent-Fremont.jpg/fill=378x187,https://m.psecn.photoshelter.com/img-get2/I0000Pc4Fns8EdB4/sec=wdfsdfoeflwefms1440ed20250212onvv9qlBYXDM6KZ/fill=1680x945/Mission-Peaks-Amenities-241108-88.jpg/fill=378x187,https://m.psecn.photoshelter.com/img-get2/I0000zcnb3i.GNlI/sec=wdfsdfoeflwefms1440ed20250212uCpAc7tF.OW6i0f/fill=1680x945/19-Mission-Peaks-Apartments-Swimming-Pool-Fremont.jpg/fill=378x187,·,·,·,,,"$2,378 - $3,814",| 1 - 3 BEDS,Mission Peaks,"Fremont, CA",https://www.essexapartmenthomes.com/apartments/fremont/mission-peaks,,
https://m.psecn.photoshelter.com/img-get2/I0000MuMS1zjUoXs/sec=wdfsdfoeflwefms1440ed20250212Vk.N_qvYLjTUnoS/fill=1680x945/03-Stevenson-Place-Apartments-Swimming-Pool-Fremont.jpg/fill=378x187,https://m.psecn.photoshelter.com/img-get2/I0000Cj58XhXfbDg/sec=wdfsdfoeflwefms1440ed202502121Z4isVoKJszmql_/fill=1680x945/06-Stevenson-Place-Apartments-For-Rent-Fremont.jpg/fill=378x187,https://m.psecn.photoshelter.com/img-get2/I0000NJFR35HYSiQ/sec=wdfsdfoeflwefms1440ed20250212q.K1FpBkboYZNfx/fill=1680x945/18-Stevenson-Place-Apartments-Swimming-Pool-Fremont.jpg/fill=378x187,https://m.psecn.photoshelter.com/img-get2/I0000pHLEdSuIScI/sec=wdfsdfoeflwefms1440ed20250212Zz4Z7Geir0hY1nM/fill=1680x945/01-Stevenson-Place-Apartments-For-Rent-Fremont.jpg/fill=378x187,,·,·,,,,"$2,029 - $2,934",| 1 - 2 BEDS,Stevenson Place,"Fremont, CA",https://www.essexapartmenthomes.com/apartments/fremont/stevenson-place,,
https://m.psecn.photoshelter.com/img-get2/I00002R8iLaEVOJk/sec=wdfsdfoeflwefms1440ed202502125BitcEqFXNlgAYX/fill=1680x945/01-Mission-Peaks-II-Apartments-Swimming-Pool-Fremont.jpg/fill=378x187,https://m.psecn.photoshelter.com/img-get2/I000006wYIAiLzOU/sec=wdfsdfoeflwefms1440ed20250212pHwvvYsK9IUR0Q_/fill=1680x945/Mission-Peaks-II-Amenities-241105-21.jpg/fill=378x187,https://m.psecn.photoshelter.com/img-get2/I0000pNBVewCVCnk/sec=wdfsdfoeflwefms1440ed2025021245A5FR9pgAey6EF/fill=1680x945/15-Mission-Peaks-II-Apartments-For-Rent-Fremont.jpg/fill=378x187,,,·,,,,,"$2,379 - $3,199",| 1 - 2 BEDS,Mission Peaks II,"Fremont, CA",https://www.essexapartmenthomes.com/apartments/fremont/mission-peaks-ii,,
https://m.psecn.photoshelter.com/img-get2/I0000ZJBJbuRh43s/sec=wdfsdfoeflwefms1440ed20250212FJ03mCB4QhQg9z5/fill=1680x945/01-Paragon-Apartments-Swimming-Pool-Fremont.jpg/fill=378x187,https://m.psecn.photoshelter.com/img-get2/I00000svrMJqRiis/sec=wdfsdfoeflwefms1440ed20250212YlB5wC9FJVBqdWA/fill=1680x945/06-Paragon-Apartments-For-Rent-Fremont.jpg/fill=378x187,https://m.psecn.photoshelter.com/img-get2/I0000LVA2y6t9W.4/sec=wdfsdfoeflwefms1440ed20250212kF.HW8BgWbE8Cn8/fill=1680x945/14-Paragon-Apartments-Fitness-Center-Fremont.jpg/fill=378x187,https://m.psecn.photoshelter.com/img-get2/I0000ZJBJbuRh43s/sec=wdfsdfoeflwefms1440ed20250212FJ03mCB4QhQg9z5/fill=1680x945/01-Paragon-Apartments-Swimming-Pool-Fremont.jpg/fill=378x187,https://m.psecn.photoshelter.com/img-get2/I0000zSslVEpxYdE/sec=wdfsdfoeflwefms1440ed20250212x9LchdAdTl0zXLG/fill=1680x945/18-Paragon-Apartments-Club-Room-Fremont.jpg/fill=378x187,·,·,·,,,"$2,556 - $3,353",| 1 - 2 BEDS,Paragon,"Fremont, CA",https://www.essexapartmenthomes.com/apartments/fremont/paragon,,
https://m.psecn.photoshelter.com/img-get2/I0000hUryD8fcenk/sec=wdfsdfoeflwefms1440ed20250212Rnw6Pnx3th1GEVC/fill=1680x945/25-Avenue-64-Apartments-Pet-Friendly-Emeryville.jpg/fill=378x187,https://m.psecn.photoshelter.com/img-get2/I0000_gQYsZcOKzo/sec=wdfsdfoeflwefms1440ed20250212H28KbzCUJ8TpnY6/fill=1680x945/01-Avenue-64-Apartments-For-Rent-Emeryville.jpg/fill=378x187,https://m.psecn.photoshelter.com/img-get2/I0000aVR89X8gqPo/sec=wdfsdfoeflwefms1440ed20250212qFZVY05oLLdxIzW/fill=1680x945/03-Avenue-64-Apartments-Swimming-Pool-Emeryville.jpg/fill=378x187,https://m.psecn.photoshelter.com/img-get2/I0000kPIP2dXcfyU/sec=wdfsdfoeflwefms1440ed20250212iPYZrhu4QWT9xRn/fill=1680x945/04-Avenue-64-Apartments-Clubhouse-Emeryville.jpg/fill=378x187,https://m.psecn.photoshelter.com/img-get2/I0000tmLotUr2G3U/sec=wdfsdfoeflwefms1440ed20250212kNjQI.BIm2T3Wuz/fill=1680x945/05-Avenue-64-Apartments-Fitness-Center-Emeryville.jpg/fill=378x187,·,·,·,,,"$2,132 - $4,038",| STUDIO - 3 BEDS,Avenue 64,"Emeryville, CA",https://www.essexapartmenthomes.com/apartments/emeryville/avenue-64,,
https://m.psecn.photoshelter.com/img-get2/I0000mVx8sirukPo/sec=wdfsdfoeflwefms1440ed20250212.TNNUp0jUq._U4J/fill=1680x945/25-The-Grand-Apartments-Pet-Friendly-Oakland.jpg/fill=378x187,https://m.psecn.photoshelter.com/img-get2/I0000jjxX0JP1908/sec=wdfsdfoeflwefms1440ed20250212eh3m4sZc_8BMZNA/fill=1680x945/02-The-Grand-Apartments-For-Rent-Oakland.jpg/fill=378x187,https://m.psecn.photoshelter.com/img-get2/I0000JNJnjtYuPSU/sec=wdfsdfoeflwefms1440ed202502128xWb2abBkxo8gFG/fill=1680x945/01-The-Grand-Apartments-For-Rent-Oakland.jpg/fill=378x187,https://m.psecn.photoshelter.com/img-get2/I0000PMnsyb9Mav4/sec=wdfsdfoeflwefms1440ed202502126UHErY1O.i7gYYu/fill=1680x945/04-The-Grand-Apartments-Sundeck-Oakland.jpg/fill=378x187,https://m.psecn.photoshelter.com/img-get2/I0000ZQGATbN_3KE/sec=wdfsdfoeflwefms1440ed20250212aEGKax_OHe9s_sv/fill=1680x945/05-The-Grand-Apartments-Spa-Oakland.jpg/fill=378x187,·,·,·,,,"$1,919 - $4,263",| STUDIO - 3 BEDS,The Grand,"Oakland, CA",https://www.essexapartmenthomes.com/apartments/oakland/the-grand,,
https://m.psecn.photoshelter.com/img-get2/I00007f5CkqundjQ/sec=wdfsdfoeflwefms1440ed20250212vlGITYW98mS4XwN/fill=1680x945/03-Lafayette-Highlands-Apartments-Swimming-Pool-Lafayette.jpg/fill=378x187,https://m.psecn.photoshelter.com/img-get2/I0000AX48Y1T7RBg/sec=wdfsdfoeflwefms1440ed20250212Z6g2EYQDCPhHDny/fill=1680x945/21-Lafayette-Highlands-Apartments-Swimming-Pool-Lafayette.jpg/fill=378x187,https://m.psecn.photoshelter.com/img-get2/I0000EheDu5loCNQ/sec=wdfsdfoeflwefms1440ed20250212mb8NtKJlSbxUDsZ/fill=1680x945/01-Lafayette-Highlands-Apartments-For-Rent-Lafayette.jpg/fill=378x187,https://m.psecn.photoshelter.com/img-get2/I0000WOgp10uaOXA/sec=wdfsdfoeflwefms1440ed20250212EsfHNijkKPnLy40/fill=1680x945/19-Lafayette-Highlands-Apartments-Lafayette.jpg/fill=378x187,https://m.psecn.photoshelter.com/img-get2/I0000yhVvI3JSrn0/sec=wdfsdfoeflwefms1440ed20250212FJkrEDlEPR_mHuq/fill=1680x945/07-Lafayette-Highlands-Apartments-For-Rent-Lafayette.jpg/fill=378x187,·,·,·,,,"$2,644 - $4,210",| 1 - 3 BEDS,Lafayette Highlands,"Lafayette, CA",https://www.essexapartmenthomes.com/apartments/lafayette/lafayette-highlands,,
